[{"id": 1, "val": 45, "dat":"12/01/2006"}, {"id": 2, "val": 53, "dat":"04/06/2009"}, {"id": 4, "val": 345, "dat":"18/01/2012"}, {"id": 5, "val": 435, "dat":"12/01/2016"}, {"id": 8, "val": 2003, "dat":"08/09/2015"}, {"id": 12, "val": 100, "dat":"12/11/2000"}, {"id": 45, "val": 200, "dat":"12/01/2006"},{"id": 13, "val": 99999, "dat":"12/01/2006"},{"id": 1, "val": 405, "dat":"12/03/2006"}, {"id": 2, "val": 503, "dat":"04/09/2009"}, {"id": 4, "val": 35, "dat":"01/10/2012"}, {"id": 5, "val": 45, "dat":"12/12/2016"}, {"id": 8, "val": 23, "dat":"01/01/2015"}, {"id": 12, "val": 10, "dat":"02/01/2002"}, {"id": 45, "val": 20, "dat":"12/12/2006"},{"id": 13, "val": 99999, "dat":"12/01/2007"}]