<?xml version="1.0" encoding="UTF-8"?>
<config xmlns="http://www.knime.org/2008/09/XMLConfig" xmlns:xsi="http://www.w3.org/2001/XMLSchema-instance" xsi:schemaLocation="http://www.knime.org/2008/09/XMLConfig http://www.knime.org/XMLConfig_2008_09.xsd" key="saveInternalsSettings">
<config key="networkUUIDs">
<entry key="array-size" type="xint" value="1"/>
<entry key="0" type="xstring" value="5f078090-4d7c-4a75-9e81-075774b6dbbf"/>
</config>
<config key="networkFlag">
<entry key="array-size" type="xint" value="1"/>
<entry key="0" type="xboolean" value="false"/>
</config>
</config>
